SITE_NO,DATE_TIME_HEURE,MATRIX,START_DEPTH_METERS,END_DEPTH_METERS,FLAG_MARQUEUR,VALUE_VALEUR,SDL_LDE,MDL_LDM,VMV_CODE,UNIT_UNITÉ,VARIABLE,VARIABLE_FR,STATUS_STATUT,SAMPLE_ID_ÉCHANTILLON,MEAS_LAB_BATCH_ID
"ON02IH0510","2017-09-12 12:00","S.CORE","0","-0.01","","0.5887","0.0017","0.0017","6542","BQ/G","LEAD RADIATION TOTAL PB-210","RADIATION PLOMB TOTAL PB-210","P","2017-ON0249-0048",""
"ON02IH0510","2017-09-12 12:00","S.CORE","0","-0.01","","0.0553","0.0017","0.0017","6543","BQ/G","RADIUM RADIATION TOTAL RA-226","RADIATION RADIUM TOTAL RA-226","P","2017-ON0249-0048",""
"ON02IH0510","2017-09-12 12:00","S.CORE","0","-0.01","","0.2296","0.0017","0.0017","6541","BQ/G","CESIUM RADIATION CS-137","RADIATION CÉSIUM CS-137","P","2017-ON0249-0048",""
"ON02IH0510","2017-09-12 12:00","S.CORE","-0.1","-0.11","","0.2339","0.0017","0.0017","6542","BQ/G","LEAD RADIATION TOTAL PB-210","RADIATION PLOMB TOTAL PB-210","P","2017-ON0249-0058",""
"ON02IH0510","2017-09-12 12:00","S.CORE","-0.1","-0.11","","0.0579","0.0017","0.0017","6543","BQ/G","RADIUM RADIATION TOTAL RA-226","RADIATION RADIUM TOTAL RA-226","P","2017-ON0249-0058",""
"ON02IH0510","2017-09-12 12:00","S.CORE","-0.1","-0.11","","0.1797","0.0017","0.0017","6541","BQ/G","CESIUM RADIATION CS-137","RADIATION CÉSIUM CS-137","P","2017-ON0249-0058",""
"ON02IH0510","2017-09-12 12:00","S.CORE","-0.11","-0.12","","0.2129","0.0017","0.0017","6542","BQ/G","LEAD RADIATION TOTAL PB-210","RADIATION PLOMB TOTAL PB-210","P","2017-ON0249-0059",""
"ON02IH0510","2017-09-12 12:00","S.CORE","-0.11","-0.12","","0.0597","0.0017","0.0017","6543","BQ/G","RADIUM RADIATION TOTAL RA-226","RADIATION RADIUM TOTAL RA-226","P","2017-ON0249-0059",""
"ON02IH0510","2017-09-12 12:00","S.CORE","-0.11","-0.12","","0.1272","0.0017","0.0017","6541","BQ/G","CESIUM RADIATION CS-137","RADIATION CÉSIUM CS-137","P","2017-ON0249-0059",""
"ON02IH0510","2017-09-12 12:00","S.CORE","-0.12","-0.13","","0.2146","0.0017","0.0017","6542","BQ/G","LEAD RADIATION TOTAL PB-210","RADIATION PLOMB TOTAL PB-210","P","2017-ON0249-0060",""
"ON02IH0510","2017-09-12 12:00","S.CORE","-0.12","-0.13","","0.0558","0.0017","0.0017","6543","BQ/G","RADIUM RADIATION TOTAL RA-226","RADIATION RADIUM TOTAL RA-226","P","2017-ON0249-0060",""
"ON02IH0510","2017-09-12 12:00","S.CORE","-0.12","-0.13","","0.0974","0.0017","0.0017","6541","BQ/G","CESIUM RADIATION CS-137","RADIATION CÉSIUM CS-137","P","2017-ON0249-0060",""
"ON02IH0510","2017-09-12 12:00","S.CORE","-0.01","-0.02","","0.5397","0.0017","0.0017","6542","BQ/G","LEAD RADIATION TOTAL PB-210","RADIATION PLOMB TOTAL PB-210","P","2017-ON0249-0049",""
"ON02IH0510","2017-09-12 12:00","S.CORE","-0.01","-0.02","","0.0612","0.0017","0.0017","6543","BQ/G","RADIUM RADIATION TOTAL RA-226","RADIATION RADIUM TOTAL RA-226","P","2017-ON0249-0049",""
"ON02IH0510","2017-09-12 12:00","S.CORE","-0.01","-0.02","","0.2568","0.0017","0.0017","6541","BQ/G","CESIUM RADIATION CS-137","RADIATION CÉSIUM CS-137","P","2017-ON0249-0049",""
"ON02IH0510","2017-09-12 12:00","S.CORE","-0.13","-0.14","","0.1852","0.0017","0.0017","6542","BQ/G","LEAD RADIATION TOTAL PB-210","RADIATION PLOMB TOTAL PB-210","P","2017-ON0249-0061",""
"ON02IH0510","2017-09-12 12:00","S.CORE","-0.13","-0.14","","0.0565","0.0017","0.0017","6543","BQ/G","RADIUM RADIATION TOTAL RA-226","RADIATION RADIUM TOTAL RA-226","P","2017-ON0249-0061",""
"ON02IH0510","2017-09-12 12:00","S.CORE","-0.13","-0.14","","0.0474","0.0017","0.0017","6541","BQ/G","CESIUM RADIATION CS-137","RADIATION CÉSIUM CS-137","P","2017-ON0249-0061",""
"ON02IH0510","2017-09-12 12:00","S.CORE","-0.14","-0.15","","0.1401","0.0017","0.0017","6542","BQ/G","LEAD RADIATION TOTAL PB-210","RADIATION PLOMB TOTAL PB-210","P","2017-ON0249-0062",""
"ON02IH0510","2017-09-12 12:00","S.CORE","-0.14","-0.15","","0.0564","0.0017","0.0017","6543","BQ/G","RADIUM RADIATION TOTAL RA-226","RADIATION RADIUM TOTAL RA-226","P","2017-ON0249-0062",""
"ON02IH0510","2017-09-12 12:00","S.CORE","-0.14","-0.15","","0.0142","0.0017","0.0017","6541","BQ/G","CESIUM RADIATION CS-137","RADIATION CÉSIUM CS-137","P","2017-ON0249-0062",""
"ON02IH0510","2017-09-12 12:00","S.CORE","-0.02","-0.03","","0.5109","0.0017","0.0017","6542","BQ/G","LEAD RADIATION TOTAL PB-210","RADIATION PLOMB TOTAL PB-210","P","2017-ON0249-0050",""
"ON02IH0510","2017-09-12 12:00","S.CORE","-0.02","-0.03","","0.064","0.0017","0.0017","6543","BQ/G","RADIUM RADIATION TOTAL RA-226","RADIATION RADIUM TOTAL RA-226","P","2017-ON0249-0050",""
"ON02IH0510","2017-09-12 12:00","S.CORE","-0.02","-0.03","","0.269","0.0017","0.0017","6541","BQ/G","CESIUM RADIATION CS-137","RADIATION CÉSIUM CS-137","P","2017-ON0249-0050",""
"ON02IH0510","2017-09-12 12:00","S.CORE","-0.03","-0.04","","0.4732","0.0017","0.0017","6542","BQ/G","LEAD RADIATION TOTAL PB-210","RADIATION PLOMB TOTAL PB-210","P","2017-ON0249-0051",""
"ON02IH0510","2017-09-12 12:00","S.CORE","-0.03","-0.04","","0.0523","0.0017","0.0017","6543","BQ/G","RADIUM RADIATION TOTAL RA-226","RADIATION RADIUM TOTAL RA-226","P","2017-ON0249-0051",""
"ON02IH0510","2017-09-12 12:00","S.CORE","-0.03","-0.04","","0.2877","0.0017","0.0017","6541","BQ/G","CESIUM RADIATION CS-137","RADIATION CÉSIUM CS-137","P","2017-ON0249-0051",""
"ON02IH0510","2017-09-12 12:00","S.CORE","-0.04","-0.05","","0.4231","0.0017","0.0017","6542","BQ/G","LEAD RADIATION TOTAL PB-210","RADIATION PLOMB TOTAL PB-210","P","2017-ON0249-0052",""
"ON02IH0510","2017-09-12 12:00","S.CORE","-0.04","-0.05","","0.0604","0.0017","0.0017","6543","BQ/G","RADIUM RADIATION TOTAL RA-226","RADIATION RADIUM TOTAL RA-226","P","2017-ON0249-0052",""
"ON02IH0510","2017-09-12 12:00","S.CORE","-0.04","-0.05","","0.3141","0.0017","0.0017","6541","BQ/G","CESIUM RADIATION CS-137","RADIATION CÉSIUM CS-137","P","2017-ON0249-0052",""
"ON02IH0510","2017-09-12 12:00","S.CORE","-0.05","-0.06","","0.3851","0.0017","0.0017","6542","BQ/G","LEAD RADIATION TOTAL PB-210","RADIATION PLOMB TOTAL PB-210","P","2017-ON0249-0053",""
"ON02IH0510","2017-09-12 12:00","S.CORE","-0.05","-0.06","","0.0593","0.0017","0.0017","6543","BQ/G","RADIUM RADIATION TOTAL RA-226","RADIATION RADIUM TOTAL RA-226","P","2017-ON0249-0053",""
"ON02IH0510","2017-09-12 12:00","S.CORE","-0.05","-0.06","","0.3656","0.0017","0.0017","6541","BQ/G","CESIUM RADIATION CS-137","RADIATION CÉSIUM CS-137","P","2017-ON0249-0053",""
"ON02IH0510","2017-09-12 12:00","S.CORE","-0.06","-0.07","","0.3672","0.0017","0.0017","6542","BQ/G","LEAD RADIATION TOTAL PB-210","RADIATION PLOMB TOTAL PB-210","P","2017-ON0249-0054",""
"ON02IH0510","2017-09-12 12:00","S.CORE","-0.06","-0.07","","0.0572","0.0017","0.0017","6543","BQ/G","RADIUM RADIATION TOTAL RA-226","RADIATION RADIUM TOTAL RA-226","P","2017-ON0249-0054",""
"ON02IH0510","2017-09-12 12:00","S.CORE","-0.06","-0.07","","0.3983","0.0017","0.0017","6541","BQ/G","CESIUM RADIATION CS-137","RADIATION CÉSIUM CS-137","P","2017-ON0249-0054",""
"ON02IH0510","2017-09-12 12:00","S.CORE","-0.07","-0.08","","0.3483","0.0017","0.0017","6542","BQ/G","LEAD RADIATION TOTAL PB-210","RADIATION PLOMB TOTAL PB-210","P","2017-ON0249-0055",""
"ON02IH0510","2017-09-12 12:00","S.CORE","-0.07","-0.08","","0.0525","0.0017","0.0017","6543","BQ/G","RADIUM RADIATION TOTAL RA-226","RADIATION RADIUM TOTAL RA-226","P","2017-ON0249-0055",""
"ON02IH0510","2017-09-12 12:00","S.CORE","-0.07","-0.08","","0.4294","0.0017","0.0017","6541","BQ/G","CESIUM RADIATION CS-137","RADIATION CÉSIUM CS-137","P","2017-ON0249-0055",""
"ON02IH0510","2017-09-12 12:00","S.CORE","-0.08","-0.09","","0.2967","0.0017","0.0017","6542","BQ/G","LEAD RADIATION TOTAL PB-210","RADIATION PLOMB TOTAL PB-210","P","2017-ON0249-0056",""
"ON02IH0510","2017-09-12 12:00","S.CORE","-0.08","-0.09","","0.053","0.0017","0.0017","6543","BQ/G","RADIUM RADIATION TOTAL RA-226","RADIATION RADIUM TOTAL RA-226","P","2017-ON0249-0056",""
"ON02IH0510","2017-09-12 12:00","S.CORE","-0.08","-0.09","","0.433","0.0017","0.0017","6541","BQ/G","CESIUM RADIATION CS-137","RADIATION CÉSIUM CS-137","P","2017-ON0249-0056",""
"ON02IH0510","2017-09-12 12:00","S.CORE","-0.09","-0.1","","0.2656","0.0017","0.0017","6542","BQ/G","LEAD RADIATION TOTAL PB-210","RADIATION PLOMB TOTAL PB-210","P","2017-ON0249-0057",""
"ON02IH0510","2017-09-12 12:00","S.CORE","-0.09","-0.1","","0.0474","0.0017","0.0017","6543","BQ/G","RADIUM RADIATION TOTAL RA-226","RADIATION RADIUM TOTAL RA-226","P","2017-ON0249-0057",""
"ON02IH0510","2017-09-12 12:00","S.CORE","-0.09","-0.1","","0.3254","0.0017","0.0017","6541","BQ/G","CESIUM RADIATION CS-137","RADIATION CÉSIUM CS-137","P","2017-ON0249-0057",""
"ON02IE1511","2014-07-27 00:00","S.CORE","0","-0.01","","0.195","0.0017","0.0017","6542","BQ/G","LEAD RADIATION TOTAL PB-210","RADIATION PLOMB TOTAL PB-210","P","2014-ON0249-0125",""
"ON02IE1511","2014-07-27 00:00","S.CORE","0","-0.01","","0.0529","0.0017","0.0017","6543","BQ/G","RADIUM RADIATION TOTAL RA-226","RADIATION RADIUM TOTAL RA-226","P","2014-ON0249-0125",""
"ON02IE1511","2014-07-27 00:00","S.CORE","0","-0.01","","0.029","0.0017","0.0017","6541","BQ/G","CESIUM RADIATION CS-137","RADIATION CÉSIUM CS-137","P","2014-ON0249-0125",""
"ON02IE1511","2014-07-27 00:00","S.CORE","-0.01","-0.02","","0.2124","0.0017","0.0017","6542","BQ/G","LEAD RADIATION TOTAL PB-210","RADIATION PLOMB TOTAL PB-210","P","2014-ON0249-0126",""
"ON02IE1511","2014-07-27 00:00","S.CORE","-0.01","-0.02","","0.0531","0.0017","0.0017","6543","BQ/G","RADIUM RADIATION TOTAL RA-226","RADIATION RADIUM TOTAL RA-226","P","2014-ON0249-0126",""
"ON02IE1511","2014-07-27 00:00","S.CORE","-0.01","-0.02","","0.0269","0.0017","0.0017","6541","BQ/G","CESIUM RADIATION CS-137","RADIATION CÉSIUM CS-137","P","2014-ON0249-0126",""
"ON02IE1511","2014-07-27 00:00","S.CORE","-0.02","-0.03","","0.1907","0.0017","0.0017","6542","BQ/G","LEAD RADIATION TOTAL PB-210","RADIATION PLOMB TOTAL PB-210","P","2014-ON0249-0127",""
"ON02IE1511","2014-07-27 00:00","S.CORE","-0.02","-0.03","","0.0574","0.0017","0.0017","6543","BQ/G","RADIUM RADIATION TOTAL RA-226","RADIATION RADIUM TOTAL RA-226","P","2014-ON0249-0127",""
"ON02IE1511","2014-07-27 00:00","S.CORE","-0.02","-0.03","","0.0318","0.0017","0.0017","6541","BQ/G","CESIUM RADIATION CS-137","RADIATION CÉSIUM CS-137","P","2014-ON0249-0127",""
"ON02IE1511","2014-07-27 00:00","S.CORE","-0.03","-0.04","","0.1846","0.0017","0.0017","6542","BQ/G","LEAD RADIATION TOTAL PB-210","RADIATION PLOMB TOTAL PB-210","P","2014-ON0249-0128",""
"ON02IE1511","2014-07-27 00:00","S.CORE","-0.03","-0.04","","0.054","0.0017","0.0017","6543","BQ/G","RADIUM RADIATION TOTAL RA-226","RADIATION RADIUM TOTAL RA-226","P","2014-ON0249-0128",""
"ON02IE1511","2014-07-27 00:00","S.CORE","-0.03","-0.04","","0.032","0.0017","0.0017","6541","BQ/G","CESIUM RADIATION CS-137","RADIATION CÉSIUM CS-137","P","2014-ON0249-0128",""
"ON02IE1511","2014-07-27 00:00","S.CORE","-0.04","-0.05","","0.1654","0.0017","0.0017","6542","BQ/G","LEAD RADIATION TOTAL PB-210","RADIATION PLOMB TOTAL PB-210","P","2014-ON0249-0129",""
"ON02IE1511","2014-07-27 00:00","S.CORE","-0.04","-0.05","","0.0483","0.0017","0.0017","6543","BQ/G","RADIUM RADIATION TOTAL RA-226","RADIATION RADIUM TOTAL RA-226","P","2014-ON0249-0129",""
"ON02IE1511","2014-07-27 00:00","S.CORE","-0.04","-0.05","","0.0289","0.0017","0.0017","6541","BQ/G","CESIUM RADIATION CS-137","RADIATION CÉSIUM CS-137","P","2014-ON0249-0129",""
"ON02IE1511","2014-07-27 00:00","S.CORE","-0.05","-0.06","","0.1704","0.0017","0.0017","6542","BQ/G","LEAD RADIATION TOTAL PB-210","RADIATION PLOMB TOTAL PB-210","P","2014-ON0249-0130",""
"ON02IE1511","2014-07-27 00:00","S.CORE","-0.05","-0.06","","0.0465","0.0017","0.0017","6543","BQ/G","RADIUM RADIATION TOTAL RA-226","RADIATION RADIUM TOTAL RA-226","P","2014-ON0249-0130",""
"ON02IE1511","2014-07-27 00:00","S.CORE","-0.05","-0.06","","0.0346","0.0017","0.0017","6541","BQ/G","CESIUM RADIATION CS-137","RADIATION CÉSIUM CS-137","P","2014-ON0249-0130",""
"ON02IE1511","2014-07-27 00:00","S.CORE","-0.06","-0.07","","0.1596","0.0017","0.0017","6542","BQ/G","LEAD RADIATION TOTAL PB-210","RADIATION PLOMB TOTAL PB-210","P","2014-ON0249-0131",""
"ON02IE1511","2014-07-27 00:00","S.CORE","-0.06","-0.07","","0.0462","0.0017","0.0017","6543","BQ/G","RADIUM RADIATION TOTAL RA-226","RADIATION RADIUM TOTAL RA-226","P","2014-ON0249-0131",""
"ON02IE1511","2014-07-27 00:00","S.CORE","-0.06","-0.07","","0.027","0.0017","0.0017","6541","BQ/G","CESIUM RADIATION CS-137","RADIATION CÉSIUM CS-137","P","2014-ON0249-0131",""
"ON02IE1511","2014-07-27 00:00","S.CORE","-0.07","-0.08","","0.1415","0.0017","0.0017","6542","BQ/G","LEAD RADIATION TOTAL PB-210","RADIATION PLOMB TOTAL PB-210","P","2014-ON0249-0132",""
"ON02IE1511","2014-07-27 00:00","S.CORE","-0.07","-0.08","","0.0463","0.0017","0.0017","6543","BQ/G","RADIUM RADIATION TOTAL RA-226","RADIATION RADIUM TOTAL RA-226","P","2014-ON0249-0132",""
"ON02IE1511","2014-07-27 00:00","S.CORE","-0.07","-0.08","","0.0261","0.0017","0.0017","6541","BQ/G","CESIUM RADIATION CS-137","RADIATION CÉSIUM CS-137","P","2014-ON0249-0132",""
"ON02IE1511","2014-07-27 00:00","S.CORE","-0.08","-0.09","","0.1518","0.0017","0.0017","6542","BQ/G","LEAD RADIATION TOTAL PB-210","RADIATION PLOMB TOTAL PB-210","P","2014-ON0249-0133",""
"ON02IE1511","2014-07-27 00:00","S.CORE","-0.08","-0.09","","0.0537","0.0017","0.0017","6543","BQ/G","RADIUM RADIATION TOTAL RA-226","RADIATION RADIUM TOTAL RA-226","P","2014-ON0249-0133",""
"ON02IE1511","2014-07-27 00:00","S.CORE","-0.08","-0.09","","0.0353","0.0017","0.0017","6541","BQ/G","CESIUM RADIATION CS-137","RADIATION CÉSIUM CS-137","P","2014-ON0249-0133",""
"ON02IE1511","2014-07-27 00:00","S.CORE","-0.09","-0.1","","0.1516","0.0017","0.0017","6542","BQ/G","LEAD RADIATION TOTAL PB-210","RADIATION PLOMB TOTAL PB-210","P","2014-ON0249-0134",""
"ON02IE1511","2014-07-27 00:00","S.CORE","-0.09","-0.1","","0.0457","0.0017","0.0017","6543","BQ/G","RADIUM RADIATION TOTAL RA-226","RADIATION RADIUM TOTAL RA-226","P","2014-ON0249-0134",""
"ON02IE1511","2014-07-27 00:00","S.CORE","-0.09","-0.1","","0.0352","0.0017","0.0017","6541","BQ/G","CESIUM RADIATION CS-137","RADIATION CÉSIUM CS-137","P","2014-ON0249-0134",""
"ON02IE1511","2014-07-27 00:00","S.CORE","-0.1","-0.11","","0.1357","0.0017","0.0017","6542","BQ/G","LEAD RADIATION TOTAL PB-210","RADIATION PLOMB TOTAL PB-210","P","2014-ON0249-0135",""
"ON02IE1511","2014-07-27 00:00","S.CORE","-0.1","-0.11","","0.045","0.0017","0.0017","6543","BQ/G","RADIUM RADIATION TOTAL RA-226","RADIATION RADIUM TOTAL RA-226","P","2014-ON0249-0135",""
"ON02IE1511","2014-07-27 00:00","S.CORE","-0.1","-0.11","","0.0345","0.0017","0.0017","6541","BQ/G","CESIUM RADIATION CS-137","RADIATION CÉSIUM CS-137","P","2014-ON0249-0135",""
"ON02IE1511","2014-07-27 00:00","S.CORE","-0.11","-0.12","","0.1307","0.0017","0.0017","6542","BQ/G","LEAD RADIATION TOTAL PB-210","RADIATION PLOMB TOTAL PB-210","P","2014-ON0249-0136",""
"ON02IE1511","2014-07-27 00:00","S.CORE","-0.11","-0.12","","0.0497","0.0017","0.0017","6543","BQ/G","RADIUM RADIATION TOTAL RA-226","RADIATION RADIUM TOTAL RA-226","P","2014-ON0249-0136",""
"ON02IE1511","2014-07-27 00:00","S.CORE","-0.11","-0.12","","0.0411","0.0017","0.0017","6541","BQ/G","CESIUM RADIATION CS-137","RADIATION CÉSIUM CS-137","P","2014-ON0249-0136",""
"ON02IE1511","2014-07-27 00:00","S.CORE","-0.12","-0.13","","0.1145","0.0017","0.0017","6542","BQ/G","LEAD RADIATION TOTAL PB-210","RADIATION PLOMB TOTAL PB-210","P","2014-ON0249-0137",""
"ON02IE1511","2014-07-27 00:00","S.CORE","-0.12","-0.13","","0.0468","0.0017","0.0017","6543","BQ/G","RADIUM RADIATION TOTAL RA-226","RADIATION RADIUM TOTAL RA-226","P","2014-ON0249-0137",""
"ON02IE1511","2014-07-27 00:00","S.CORE","-0.12","-0.13","","0.0482","0.0017","0.0017","6541","BQ/G","CESIUM RADIATION CS-137","RADIATION CÉSIUM CS-137","P","2014-ON0249-0137",""
"ON02IE1511","2014-07-27 00:00","S.CORE","-0.13","-0.14","","0.1162","0.0017","0.0017","6542","BQ/G","LEAD RADIATION TOTAL PB-210","RADIATION PLOMB TOTAL PB-210","P","2014-ON0249-0138",""
"ON02IE1511","2014-07-27 00:00","S.CORE","-0.13","-0.14","","0.0442","0.0017","0.0017","6543","BQ/G","RADIUM RADIATION TOTAL RA-226","RADIATION RADIUM TOTAL RA-226","P","2014-ON0249-0138",""
"ON02IE1511","2014-07-27 00:00","S.CORE","-0.13","-0.14","","0.055","0.0017","0.0017","6541","BQ/G","CESIUM RADIATION CS-137","RADIATION CÉSIUM CS-137","P","2014-ON0249-0138",""
"ON02IE1511","2014-07-27 00:00","S.CORE","-0.14","-0.15","","0.102","0.0017","0.0017","6542","BQ/G","LEAD RADIATION TOTAL PB-210","RADIATION PLOMB TOTAL PB-210","P","2014-ON0249-0167",""
"ON02IE1511","2014-07-27 00:00","S.CORE","-0.14","-0.15","","0.05","0.0017","0.0017","6543","BQ/G","RADIUM RADIATION TOTAL RA-226","RADIATION RADIUM TOTAL RA-226","P","2014-ON0249-0167",""
"ON02IE1511","2014-07-27 00:00","S.CORE","-0.14","-0.15","","0.0604","0.0017","0.0017","6541","BQ/G","CESIUM RADIATION CS-137","RADIATION CÉSIUM CS-137","P","2014-ON0249-0167",""
"ON02IE1511","2014-07-27 00:00","S.CORE","-0.15","-0.16","","0.1054","0.0017","0.0017","6542","BQ/G","LEAD RADIATION TOTAL PB-210","RADIATION PLOMB TOTAL PB-210","P","2014-ON0249-0168",""
"ON02IE1511","2014-07-27 00:00","S.CORE","-0.15","-0.16","","0.0517","0.0017","0.0017","6543","BQ/G","RADIUM RADIATION TOTAL RA-226","RADIATION RADIUM TOTAL RA-226","P","2014-ON0249-0168",""
"ON02IE1511","2014-07-27 00:00","S.CORE","-0.15","-0.16","","0.0537","0.0017","0.0017","6541","BQ/G","CESIUM RADIATION CS-137","RADIATION CÉSIUM CS-137","P","2014-ON0249-0168",""
"ON02IE1580","2014-07-22 00:00","S.CORE","0","-0.01","","0.3365","0.0017","0.0017","6542","BQ/G","LEAD RADIATION TOTAL PB-210","RADIATION PLOMB TOTAL PB-210","P","2014-ON0249-0139",""
"ON02IE1580","2014-07-22 00:00","S.CORE","0","-0.01","","0.065","0.0017","0.0017","6543","BQ/G","RADIUM RADIATION TOTAL RA-226","RADIATION RADIUM TOTAL RA-226","P","2014-ON0249-0139",""
"ON02IE1580","2014-07-22 00:00","S.CORE","0","-0.01","","0.0369","0.0017","0.0017","6541","BQ/G","CESIUM RADIATION CS-137","RADIATION CÉSIUM CS-137","P","2014-ON0249-0139",""
"ON02IE1580","2014-07-22 00:00","S.CORE","-0.01","-0.02","","0.3158","0.0017","0.0017","6542","BQ/G","LEAD RADIATION TOTAL PB-210","RADIATION PLOMB TOTAL PB-210","P","2014-ON0249-0140",""
"ON02IE1580","2014-07-22 00:00","S.CORE","-0.01","-0.02","","0.058","0.0017","0.0017","6543","BQ/G","RADIUM RADIATION TOTAL RA-226","RADIATION RADIUM TOTAL RA-226","P","2014-ON0249-0140",""
"ON02IE1580","2014-07-22 00:00","S.CORE","-0.01","-0.02","","0.0402","0.0017","0.0017","6541","BQ/G","CESIUM RADIATION CS-137","RADIATION CÉSIUM CS-137","P","2014-ON0249-0140",""
"ON02IE1580","2014-07-22 00:00","S.CORE","-0.02","-0.03","","0.2829","0.0017","0.0017","6542","BQ/G","LEAD RADIATION TOTAL PB-210","RADIATION PLOMB TOTAL PB-210","P","2014-ON0249-0141",""
"ON02IE1580","2014-07-22 00:00","S.CORE","-0.02","-0.03","","0.0566","0.0017","0.0017","6543","BQ/G","RADIUM RADIATION TOTAL RA-226","RADIATION RADIUM TOTAL RA-226","P","2014-ON0249-0141",""
"ON02IE1580","2014-07-22 00:00","S.CORE","-0.02","-0.03","","0.0429","0.0017","0.0017","6541","BQ/G","CESIUM RADIATION CS-137","RADIATION CÉSIUM CS-137","P","2014-ON0249-0141",""
"ON02IE1580","2014-07-22 00:00","S.CORE","-0.03","-0.04","","0.2561","0.0017","0.0017","6542","BQ/G","LEAD RADIATION TOTAL PB-210","RADIATION PLOMB TOTAL PB-210","P","2014-ON0249-0142",""
"ON02IE1580","2014-07-22 00:00","S.CORE","-0.03","-0.04","","0.0648","0.0017","0.0017","6543","BQ/G","RADIUM RADIATION TOTAL RA-226","RADIATION RADIUM TOTAL RA-226","P","2014-ON0249-0142",""
"ON02IE1580","2014-07-22 00:00","S.CORE","-0.03","-0.04","","0.0453","0.0017","0.0017","6541","BQ/G","CESIUM RADIATION CS-137","RADIATION CÉSIUM CS-137","P","2014-ON0249-0142",""
"ON02IE1580","2014-07-22 00:00","S.CORE","-0.04","-0.05","","0.2632","0.0017","0.0017","6542","BQ/G","LEAD RADIATION TOTAL PB-210","RADIATION PLOMB TOTAL PB-210","P","2014-ON0249-0143",""
"ON02IE1580","2014-07-22 00:00","S.CORE","-0.04","-0.05","","0.0636","0.0017","0.0017","6543","BQ/G","RADIUM RADIATION TOTAL RA-226","RADIATION RADIUM TOTAL RA-226","P","2014-ON0249-0143",""
"ON02IE1580","2014-07-22 00:00","S.CORE","-0.04","-0.05","","0.0488","0.0017","0.0017","6541","BQ/G","CESIUM RADIATION CS-137","RADIATION CÉSIUM CS-137","P","2014-ON0249-0143",""
"ON02IE1580","2014-07-22 00:00","S.CORE","-0.05","-0.06","","0.2414","0.0017","0.0017","6542","BQ/G","LEAD RADIATION TOTAL PB-210","RADIATION PLOMB TOTAL PB-210","P","2014-ON0249-0144",""
"ON02IE1580","2014-07-22 00:00","S.CORE","-0.05","-0.06","","0.064","0.0017","0.0017","6543","BQ/G","RADIUM RADIATION TOTAL RA-226","RADIATION RADIUM TOTAL RA-226","P","2014-ON0249-0144",""
"ON02IE1580","2014-07-22 00:00","S.CORE","-0.05","-0.06","","0.0484","0.0017","0.0017","6541","BQ/G","CESIUM RADIATION CS-137","RADIATION CÉSIUM CS-137","P","2014-ON0249-0144",""
"ON02IE1580","2014-07-22 00:00","S.CORE","-0.06","-0.07","","0.2521","0.0017","0.0017","6542","BQ/G","LEAD RADIATION TOTAL PB-210","RADIATION PLOMB TOTAL PB-210","P","2014-ON0249-0145",""
"ON02IE1580","2014-07-22 00:00","S.CORE","-0.06","-0.07","","0.0662","0.0017","0.0017","6543","BQ/G","RADIUM RADIATION TOTAL RA-226","RADIATION RADIUM TOTAL RA-226","P","2014-ON0249-0145",""
"ON02IE1580","2014-07-22 00:00","S.CORE","-0.06","-0.07","","0.0551","0.0017","0.0017","6541","BQ/G","CESIUM RADIATION CS-137","RADIATION CÉSIUM CS-137","P","2014-ON0249-0145",""
"ON02IE1580","2014-07-22 00:00","S.CORE","-0.07","-0.08","","0.2346","0.0017","0.0017","6542","BQ/G","LEAD RADIATION TOTAL PB-210","RADIATION PLOMB TOTAL PB-210","P","2014-ON0249-0146",""
"ON02IE1580","2014-07-22 00:00","S.CORE","-0.07","-0.08","","0.0654","0.0017","0.0017","6543","BQ/G","RADIUM RADIATION TOTAL RA-226","RADIATION RADIUM TOTAL RA-226","P","2014-ON0249-0146",""
"ON02IE1580","2014-07-22 00:00","S.CORE","-0.07","-0.08","","0.0582","0.0017","0.0017","6541","BQ/G","CESIUM RADIATION CS-137","RADIATION CÉSIUM CS-137","P","2014-ON0249-0146",""
"ON02IE1580","2014-07-22 00:00","S.CORE","-0.08","-0.09","","0.245","0.0017","0.0017","6542","BQ/G","LEAD RADIATION TOTAL PB-210","RADIATION PLOMB TOTAL PB-210","P","2014-ON0249-0147",""
"ON02IE1580","2014-07-22 00:00","S.CORE","-0.08","-0.09","","0.0556","0.0017","0.0017","6543","BQ/G","RADIUM RADIATION TOTAL RA-226","RADIATION RADIUM TOTAL RA-226","P","2014-ON0249-0147",""
"ON02IE1580","2014-07-22 00:00","S.CORE","-0.08","-0.09","","0.055","0.0017","0.0017","6541","BQ/G","CESIUM RADIATION CS-137","RADIATION CÉSIUM CS-137","P","2014-ON0249-0147",""
"ON02IE1580","2014-07-22 00:00","S.CORE","-0.09","-0.1","","0.2403","0.0017","0.0017","6542","BQ/G","LEAD RADIATION TOTAL PB-210","RADIATION PLOMB TOTAL PB-210","P","2014-ON0249-0148",""
"ON02IE1580","2014-07-22 00:00","S.CORE","-0.09","-0.1","","0.0598","0.0017","0.0017","6543","BQ/G","RADIUM RADIATION TOTAL RA-226","RADIATION RADIUM TOTAL RA-226","P","2014-ON0249-0148",""
"ON02IE1580","2014-07-22 00:00","S.CORE","-0.09","-0.1","","0.0507","0.0017","0.0017","6541","BQ/G","CESIUM RADIATION CS-137","RADIATION CÉSIUM CS-137","P","2014-ON0249-0148",""
"ON02IE1580","2014-07-22 00:00","S.CORE","-0.1","-0.11","","0.2308","0.0017","0.0017","6542","BQ/G","LEAD RADIATION TOTAL PB-210","RADIATION PLOMB TOTAL PB-210","P","2014-ON0249-0149",""
"ON02IE1580","2014-07-22 00:00","S.CORE","-0.1","-0.11","","0.0656","0.0017","0.0017","6543","BQ/G","RADIUM RADIATION TOTAL RA-226","RADIATION RADIUM TOTAL RA-226","P","2014-ON0249-0149",""
"ON02IE1580","2014-07-22 00:00","S.CORE","-0.1","-0.11","","0.0726","0.0017","0.0017","6541","BQ/G","CESIUM RADIATION CS-137","RADIATION CÉSIUM CS-137","P","2014-ON0249-0149",""
"ON02IE1580","2014-07-22 00:00","S.CORE","-0.11","-0.12","","0.2308","0.0017","0.0017","6542","BQ/G","LEAD RADIATION TOTAL PB-210","RADIATION PLOMB TOTAL PB-210","P","2014-ON0249-0150",""
"ON02IE1580","2014-07-22 00:00","S.CORE","-0.11","-0.12","","0.0601","0.0017","0.0017","6543","BQ/G","RADIUM RADIATION TOTAL RA-226","RADIATION RADIUM TOTAL RA-226","P","2014-ON0249-0150",""
"ON02IE1580","2014-07-22 00:00","S.CORE","-0.11","-0.12","","0.0701","0.0017","0.0017","6541","BQ/G","CESIUM RADIATION CS-137","RADIATION CÉSIUM CS-137","P","2014-ON0249-0150",""
"ON02IE1580","2014-07-22 00:00","S.CORE","-0.12","-0.13","","0.2164","0.0017","0.0017","6542","BQ/G","LEAD RADIATION TOTAL PB-210","RADIATION PLOMB TOTAL PB-210","P","2014-ON0249-0151",""
"ON02IE1580","2014-07-22 00:00","S.CORE","-0.12","-0.13","","0.0544","0.0017","0.0017","6543","BQ/G","RADIUM RADIATION TOTAL RA-226","RADIATION RADIUM TOTAL RA-226","P","2014-ON0249-0151",""
"ON02IE1580","2014-07-22 00:00","S.CORE","-0.12","-0.13","","0.0823","0.0017","0.0017","6541","BQ/G","CESIUM RADIATION CS-137","RADIATION CÉSIUM CS-137","P","2014-ON0249-0151",""
"ON02IE1580","2014-07-22 00:00","S.CORE","-0.13","-0.14","","0.214","0.0017","0.0017","6542","BQ/G","LEAD RADIATION TOTAL PB-210","RADIATION PLOMB TOTAL PB-210","P","2014-ON0249-0152",""
"ON02IE1580","2014-07-22 00:00","S.CORE","-0.13","-0.14","","0.0623","0.0017","0.0017","6543","BQ/G","RADIUM RADIATION TOTAL RA-226","RADIATION RADIUM TOTAL RA-226","P","2014-ON0249-0152",""
"ON02IE1580","2014-07-22 00:00","S.CORE","-0.13","-0.14","","0.0971","0.0017","0.0017","6541","BQ/G","CESIUM RADIATION CS-137","RADIATION CÉSIUM CS-137","P","2014-ON0249-0152",""
"ON02IE1580","2014-07-22 00:00","S.CORE","-0.14","-0.15","","0.2049","0.0017","0.0017","6542","BQ/G","LEAD RADIATION TOTAL PB-210","RADIATION PLOMB TOTAL PB-210","P","2014-ON0249-0153",""
"ON02IE1580","2014-07-22 00:00","S.CORE","-0.14","-0.15","","0.0654","0.0017","0.0017","6543","BQ/G","RADIUM RADIATION TOTAL RA-226","RADIATION RADIUM TOTAL RA-226","P","2014-ON0249-0153",""
"ON02IE1580","2014-07-22 00:00","S.CORE","-0.14","-0.15","","0.1008","0.0017","0.0017","6541","BQ/G","CESIUM RADIATION CS-137","RADIATION CÉSIUM CS-137","P","2014-ON0249-0153",""
"ON02IE1580","2014-07-22 00:00","S.CORE","-0.15","-0.16","","0.183","0.0017","0.0017","6542","BQ/G","LEAD RADIATION TOTAL PB-210","RADIATION PLOMB TOTAL PB-210","P","2014-ON0249-0154",""
"ON02IE1580","2014-07-22 00:00","S.CORE","-0.15","-0.16","","0.0658","0.0017","0.0017","6543","BQ/G","RADIUM RADIATION TOTAL RA-226","RADIATION RADIUM TOTAL RA-226","P","2014-ON0249-0154",""
"ON02IE1580","2014-07-22 00:00","S.CORE","-0.15","-0.16","","0.1247","0.0017","0.0017","6541","BQ/G","CESIUM RADIATION CS-137","RADIATION CÉSIUM CS-137","P","2014-ON0249-0154",""
"ON02IE1580","2014-07-22 00:00","S.CORE","-0.16","-0.17","","0.173","0.0017","0.0017","6542","BQ/G","LEAD RADIATION TOTAL PB-210","RADIATION PLOMB TOTAL PB-210","P","2014-ON0249-0169",""
"ON02IE1580","2014-07-22 00:00","S.CORE","-0.16","-0.17","","0.0696","0.0017","0.0017","6543","BQ/G","RADIUM RADIATION TOTAL RA-226","RADIATION RADIUM TOTAL RA-226","P","2014-ON0249-0169",""
"ON02IE1580","2014-07-22 00:00","S.CORE","-0.16","-0.17","","0.1402","0.0017","0.0017","6541","BQ/G","CESIUM RADIATION CS-137","RADIATION CÉSIUM CS-137","P","2014-ON0249-0169",""
"ON02IE1580","2014-07-22 00:00","S.CORE","-0.17","-0.18","","0.1824","0.0017","0.0017","6542","BQ/G","LEAD RADIATION TOTAL PB-210","RADIATION PLOMB TOTAL PB-210","P","2014-ON0249-0170",""
"ON02IE1580","2014-07-22 00:00","S.CORE","-0.17","-0.18","","0.0734","0.0017","0.0017","6543","BQ/G","RADIUM RADIATION TOTAL RA-226","RADIATION RADIUM TOTAL RA-226","P","2014-ON0249-0170",""
"ON02IE1580","2014-07-22 00:00","S.CORE","-0.17","-0.18","","0.1613","0.0017","0.0017","6541","BQ/G","CESIUM RADIATION CS-137","RADIATION CÉSIUM CS-137","P","2014-ON0249-0170",""
"ON02IE1580","2014-07-22 00:00","S.CORE","-0.18","-0.19","","0.182","0.0017","0.0017","6542","BQ/G","LEAD RADIATION TOTAL PB-210","RADIATION PLOMB TOTAL PB-210","P","2014-ON0249-0171",""
"ON02IE1580","2014-07-22 00:00","S.CORE","-0.18","-0.19","","0.0684","0.0017","0.0017","6543","BQ/G","RADIUM RADIATION TOTAL RA-226","RADIATION RADIUM TOTAL RA-226","P","2014-ON0249-0171",""
"ON02IE1580","2014-07-22 00:00","S.CORE","-0.18","-0.19","","0.1888","0.0017","0.0017","6541","BQ/G","CESIUM RADIATION CS-137","RADIATION CÉSIUM CS-137","P","2014-ON0249-0171",""
"ON02IE1580","2014-07-22 00:00","S.CORE","-0.19","-0.2","","0.1721","0.0017","0.0017","6542","BQ/G","LEAD RADIATION TOTAL PB-210","RADIATION PLOMB TOTAL PB-210","P","2014-ON0249-0172",""
"ON02IE1580","2014-07-22 00:00","S.CORE","-0.19","-0.2","","0.0628","0.0017","0.0017","6543","BQ/G","RADIUM RADIATION TOTAL RA-226","RADIATION RADIUM TOTAL RA-226","P","2014-ON0249-0172",""
"ON02IE1580","2014-07-22 00:00","S.CORE","-0.19","-0.2","","0.1977","0.0017","0.0017","6541","BQ/G","CESIUM RADIATION CS-137","RADIATION CÉSIUM CS-137","P","2014-ON0249-0172",""
"ON02IE1580","2014-07-22 00:00","S.CORE","-0.2","-0.21","","0.1445","0.0017","0.0017","6542","BQ/G","LEAD RADIATION TOTAL PB-210","RADIATION PLOMB TOTAL PB-210","P","2014-ON0249-0173",""
"ON02IE1580","2014-07-22 00:00","S.CORE","-0.2","-0.21","","0.0656","0.0017","0.0017","6543","BQ/G","RADIUM RADIATION TOTAL RA-226","RADIATION RADIUM TOTAL RA-226","P","2014-ON0249-0173",""
"ON02IE1580","2014-07-22 00:00","S.CORE","-0.2","-0.21","","0.2453","0.0017","0.0017","6541","BQ/G","CESIUM RADIATION CS-137","RADIATION CÉSIUM CS-137","P","2014-ON0249-0173",""
"ON02IE1580","2014-07-22 00:00","S.CORE","-0.21","-0.22","","0.1446","0.0017","0.0017","6542","BQ/G","LEAD RADIATION TOTAL PB-210","RADIATION PLOMB TOTAL PB-210","P","2014-ON0249-0174",""
"ON02IE1580","2014-07-22 00:00","S.CORE","-0.21","-0.22","","0.0605","0.0017","0.0017","6543","BQ/G","RADIUM RADIATION TOTAL RA-226","RADIATION RADIUM TOTAL RA-226","P","2014-ON0249-0174",""
"ON02IE1580","2014-07-22 00:00","S.CORE","-0.21","-0.22","","0.1989","0.0017","0.0017","6541","BQ/G","CESIUM RADIATION CS-137","RADIATION CÉSIUM CS-137","P","2014-ON0249-0174",""
"ON02IE1580","2014-07-22 00:00","S.CORE","-0.22","-0.23","","0.136","0.0017","0.0017","6542","BQ/G","LEAD RADIATION TOTAL PB-210","RADIATION PLOMB TOTAL PB-210","P","2014-ON0249-0175",""
"ON02IE1580","2014-07-22 00:00","S.CORE","-0.22","-0.23","","0.0665","0.0017","0.0017","6543","BQ/G","RADIUM RADIATION TOTAL RA-226","RADIATION RADIUM TOTAL RA-226","P","2014-ON0249-0175",""
"ON02IE1580","2014-07-22 00:00","S.CORE","-0.22","-0.23","","0.1187","0.0017","0.0017","6541","BQ/G","CESIUM RADIATION CS-137","RADIATION CÉSIUM CS-137","P","2014-ON0249-0175",""
"ON02IS5444","2016-08-05 22:00","S.CORE","-0.1","-0.11","","0.049","0.0017","0.0017","6542","BQ/G","LEAD RADIATION TOTAL PB-210","RADIATION PLOMB TOTAL PB-210","P","2016-ON0249-0071",""
"ON02IS5444","2016-08-05 22:00","S.CORE","-0.1","-0.11","","0.0296","0.0017","0.0017","6543","BQ/G","RADIUM RADIATION TOTAL RA-226","RADIATION RADIUM TOTAL RA-226","P","2016-ON0249-0071",""
"ON02IS5444","2016-08-05 22:00","S.CORE","-0.1","-0.11","T","0.0009","0.0017","0.0017","6541","BQ/G","CESIUM RADIATION CS-137","RADIATION CÉSIUM CS-137","P","2016-ON0249-0071",""
"ON02IS5444","2016-08-05 22:00","S.CORE","-0.11","-0.12","","0.0435","0.0017","0.0017","6542","BQ/G","LEAD RADIATION TOTAL PB-210","RADIATION PLOMB TOTAL PB-210","P","2016-ON0249-0072",""
"ON02IS5444","2016-08-05 22:00","S.CORE","-0.11","-0.12","","0.0427","0.0017","0.0017","6543","BQ/G","RADIUM RADIATION TOTAL RA-226","RADIATION RADIUM TOTAL RA-226","P","2016-ON0249-0072",""
"ON02IS5444","2016-08-05 22:00","S.CORE","-0.11","-0.12","T","0.0016","0.0017","0.0017","6541","BQ/G","CESIUM RADIATION CS-137","RADIATION CÉSIUM CS-137","P","2016-ON0249-0072",""
"ON02IS5444","2016-08-05 22:00","S.CORE","-0.12","-0.13","","0.0399","0.0017","0.0017","6542","BQ/G","LEAD RADIATION TOTAL PB-210","RADIATION PLOMB TOTAL PB-210","P","2016-ON0249-0073",""
"ON02IS5444","2016-08-05 22:00","S.CORE","-0.12","-0.13","","0.0354","0.0017","0.0017","6543","BQ/G","RADIUM RADIATION TOTAL RA-226","RADIATION RADIUM TOTAL RA-226","P","2016-ON0249-0073",""
"ON02IS5444","2016-08-05 22:00","S.CORE","-0.12","-0.13","T","0.0008","0.0017","0.0017","6541","BQ/G","CESIUM RADIATION CS-137","RADIATION CÉSIUM CS-137","P","2016-ON0249-0073",""
"ON02IS5444","2016-08-05 22:00","S.CORE","-0.01","-0.02","","1.5514","0.0017","0.0017","6542","BQ/G","LEAD RADIATION TOTAL PB-210","RADIATION PLOMB TOTAL PB-210","P","2016-ON0249-0074",""
"ON02IS5444","2016-08-05 22:00","S.CORE","-0.01","-0.02","","0.0504","0.0017","0.0017","6543","BQ/G","RADIUM RADIATION TOTAL RA-226","RADIATION RADIUM TOTAL RA-226","P","2016-ON0249-0074",""
"ON02IS5444","2016-08-05 22:00","S.CORE","-0.01","-0.02","","0.4308","0.0017","0.0017","6541","BQ/G","CESIUM RADIATION CS-137","RADIATION CÉSIUM CS-137","P","2016-ON0249-0074",""
"ON02IS5444","2016-08-05 22:00","S.CORE","-0.13","-0.14","","0.041","0.0017","0.0017","6542","BQ/G","LEAD RADIATION TOTAL PB-210","RADIATION PLOMB TOTAL PB-210","P","2016-ON0249-0075",""
"ON02IS5444","2016-08-05 22:00","S.CORE","-0.13","-0.14","","0.0383","0.0017","0.0017","6543","BQ/G","RADIUM RADIATION TOTAL RA-226","RADIATION RADIUM TOTAL RA-226","P","2016-ON0249-0075",""
"ON02IS5444","2016-08-05 22:00","S.CORE","-0.13","-0.14","T","0.001","0.0017","0.0017","6541","BQ/G","CESIUM RADIATION CS-137","RADIATION CÉSIUM CS-137","P","2016-ON0249-0075",""
"ON02IS5444","2016-08-05 22:00","S.CORE","-0.14","-0.15","","0.0407","0.0017","0.0017","6542","BQ/G","LEAD RADIATION TOTAL PB-210","RADIATION PLOMB TOTAL PB-210","P","2016-ON0249-0076",""
"ON02IS5444","2016-08-05 22:00","S.CORE","-0.14","-0.15","","0.047","0.0017","0.0017","6543","BQ/G","RADIUM RADIATION TOTAL RA-226","RADIATION RADIUM TOTAL RA-226","P","2016-ON0249-0076",""
"ON02IS5444","2016-08-05 22:00","S.CORE","-0.14","-0.15","T","0.0009","0.0017","0.0017","6541","BQ/G","CESIUM RADIATION CS-137","RADIATION CÉSIUM CS-137","P","2016-ON0249-0076",""
"ON02IS5444","2016-08-05 22:00","S.CORE","-0.02","-0.03","","1.1383","0.0017","0.0017","6542","BQ/G","LEAD RADIATION TOTAL PB-210","RADIATION PLOMB TOTAL PB-210","P","2016-ON0249-0077",""
"ON02IS5444","2016-08-05 22:00","S.CORE","-0.02","-0.03","","0.0461","0.0017","0.0017","6543","BQ/G","RADIUM RADIATION TOTAL RA-226","RADIATION RADIUM TOTAL RA-226","P","2016-ON0249-0077",""
"ON02IS5444","2016-08-05 22:00","S.CORE","-0.02","-0.03","","0.3819","0.0017","0.0017","6541","BQ/G","CESIUM RADIATION CS-137","RADIATION CÉSIUM CS-137","P","2016-ON0249-0077",""
"ON02IS5444","2016-08-05 22:00","S.CORE","-0.03","-0.04","","0.435","0.0017","0.0017","6542","BQ/G","LEAD RADIATION TOTAL PB-210","RADIATION PLOMB TOTAL PB-210","P","2016-ON0249-0078",""
"ON02IS5444","2016-08-05 22:00","S.CORE","-0.03","-0.04","","0.0493","0.0017","0.0017","6543","BQ/G","RADIUM RADIATION TOTAL RA-226","RADIATION RADIUM TOTAL RA-226","P","2016-ON0249-0078",""
"ON02IS5444","2016-08-05 22:00","S.CORE","-0.03","-0.04","","0.1677","0.0017","0.0017","6541","BQ/G","CESIUM RADIATION CS-137","RADIATION CÉSIUM CS-137","P","2016-ON0249-0078",""
"ON02IS5444","2016-08-05 22:00","S.CORE","-0.04","-0.05","","0.1617","0.0017","0.0017","6542","BQ/G","LEAD RADIATION TOTAL PB-210","RADIATION PLOMB TOTAL PB-210","P","2016-ON0249-0079",""
"ON02IS5444","2016-08-05 22:00","S.CORE","-0.04","-0.05","","0.036","0.0017","0.0017","6543","BQ/G","RADIUM RADIATION TOTAL RA-226","RADIATION RADIUM TOTAL RA-226","P","2016-ON0249-0079",""
"ON02IS5444","2016-08-05 22:00","S.CORE","-0.04","-0.05","","0.0455","0.0017","0.0017","6541","BQ/G","CESIUM RADIATION CS-137","RADIATION CÉSIUM CS-137","P","2016-ON0249-0079",""
"ON02IS5444","2016-08-05 22:00","S.CORE","-0.05","-0.06","","0.0962","0.0017","0.0017","6542","BQ/G","LEAD RADIATION TOTAL PB-210","RADIATION PLOMB TOTAL PB-210","P","2016-ON0249-0080",""
"ON02IS5444","2016-08-05 22:00","S.CORE","-0.05","-0.06","","0.0381","0.0017","0.0017","6543","BQ/G","RADIUM RADIATION TOTAL RA-226","RADIATION RADIUM TOTAL RA-226","P","2016-ON0249-0080",""
"ON02IS5444","2016-08-05 22:00","S.CORE","-0.05","-0.06","","0.0102","0.0017","0.0017","6541","BQ/G","CESIUM RADIATION CS-137","RADIATION CÉSIUM CS-137","P","2016-ON0249-0080",""
"ON02IS5444","2016-08-05 22:00","S.CORE","-0.06","-0.07","","0.0748","0.0017","0.0017","6542","BQ/G","LEAD RADIATION TOTAL PB-210","RADIATION PLOMB TOTAL PB-210","P","2016-ON0249-0081",""
"ON02IS5444","2016-08-05 22:00","S.CORE","-0.06","-0.07","","0.0413","0.0017","0.0017","6543","BQ/G","RADIUM RADIATION TOTAL RA-226","RADIATION RADIUM TOTAL RA-226","P","2016-ON0249-0081",""
"ON02IS5444","2016-08-05 22:00","S.CORE","-0.06","-0.07","","0.0024","0.0017","0.0017","6541","BQ/G","CESIUM RADIATION CS-137","RADIATION CÉSIUM CS-137","P","2016-ON0249-0081",""
"ON02IS5444","2016-08-05 22:00","S.CORE","-0.07","-0.08","","0.0552","0.0017","0.0017","6542","BQ/G","LEAD RADIATION TOTAL PB-210","RADIATION PLOMB TOTAL PB-210","P","2016-ON0249-0082",""
"ON02IS5444","2016-08-05 22:00","S.CORE","-0.07","-0.08","","0.0422","0.0017","0.0017","6543","BQ/G","RADIUM RADIATION TOTAL RA-226","RADIATION RADIUM TOTAL RA-226","P","2016-ON0249-0082",""
"ON02IS5444","2016-08-05 22:00","S.CORE","-0.07","-0.08","","0.0018","0.0017","0.0017","6541","BQ/G","CESIUM RADIATION CS-137","RADIATION CÉSIUM CS-137","P","2016-ON0249-0082",""
"ON02IS5444","2016-08-05 22:00","S.CORE","-0.08","-0.09","","0.0551","0.0017","0.0017","6542","BQ/G","LEAD RADIATION TOTAL PB-210","RADIATION PLOMB TOTAL PB-210","P","2016-ON0249-0083",""
"ON02IS5444","2016-08-05 22:00","S.CORE","-0.08","-0.09","","0.0292","0.0017","0.0017","6543","BQ/G","RADIUM RADIATION TOTAL RA-226","RADIATION RADIUM TOTAL RA-226","P","2016-ON0249-0083",""
"ON02IS5444","2016-08-05 22:00","S.CORE","-0.08","-0.09","T","0.0013","0.0017","0.0017","6541","BQ/G","CESIUM RADIATION CS-137","RADIATION CÉSIUM CS-137","P","2016-ON0249-0083",""
"ON02IS5444","2016-08-05 22:00","S.CORE","-0.09","-0.1","","0.0435","0.0017","0.0017","6542","BQ/G","LEAD RADIATION TOTAL PB-210","RADIATION PLOMB TOTAL PB-210","P","2016-ON0249-0084",""
"ON02IS5444","2016-08-05 22:00","S.CORE","-0.09","-0.1","","0.0404","0.0017","0.0017","6543","BQ/G","RADIUM RADIATION TOTAL RA-226","RADIATION RADIUM TOTAL RA-226","P","2016-ON0249-0084",""
"ON02IS5444","2016-08-05 22:00","S.CORE","-0.09","-0.1","T","0.0016","0.0017","0.0017","6541","BQ/G","CESIUM RADIATION CS-137","RADIATION CÉSIUM CS-137","P","2016-ON0249-0084",""
"ON02IS5416","2016-08-07 16:30","S.CORE","-0.1","-0.11","","0.0383","0.0017","0.0017","6542","BQ/G","LEAD RADIATION TOTAL PB-210","RADIATION PLOMB TOTAL PB-210","P","2016-ON0249-0086",""
"ON02IS5416","2016-08-07 16:30","S.CORE","-0.1","-0.11","","0.0345","0.0017","0.0017","6543","BQ/G","RADIUM RADIATION TOTAL RA-226","RADIATION RADIUM TOTAL RA-226","P","2016-ON0249-0086",""
"ON02IS5416","2016-08-07 16:30","S.CORE","-0.1","-0.11","T","0.0007","0.0017","0.0017","6541","BQ/G","CESIUM RADIATION CS-137","RADIATION CÉSIUM CS-137","P","2016-ON0249-0086",""
"ON02IS5416","2016-08-07 16:30","S.CORE","-0.11","-0.12","","0.035","0.0017","0.0017","6542","BQ/G","LEAD RADIATION TOTAL PB-210","RADIATION PLOMB TOTAL PB-210","P","2016-ON0249-0087",""
"ON02IS5416","2016-08-07 16:30","S.CORE","-0.11","-0.12","","0.035","0.0017","0.0017","6543","BQ/G","RADIUM RADIATION TOTAL RA-226","RADIATION RADIUM TOTAL RA-226","P","2016-ON0249-0087",""
"ON02IS5416","2016-08-07 16:30","S.CORE","-0.11","-0.12","T","0.0005","0.0017","0.0017","6541","BQ/G","CESIUM RADIATION CS-137","RADIATION CÉSIUM CS-137","P","2016-ON0249-0087",""
"ON02IS5416","2016-08-07 16:30","S.CORE","-0.01","-0.02","","0.9972","0.0017","0.0017","6542","BQ/G","LEAD RADIATION TOTAL PB-210","RADIATION PLOMB TOTAL PB-210","P","2016-ON0249-0088",""
"ON02IS5416","2016-08-07 16:30","S.CORE","-0.01","-0.02","","0.03","0.0017","0.0017","6543","BQ/G","RADIUM RADIATION TOTAL RA-226","RADIATION RADIUM TOTAL RA-226","P","2016-ON0249-0088",""
"ON02IS5416","2016-08-07 16:30","S.CORE","-0.01","-0.02","","0.4451","0.0017","0.0017","6541","BQ/G","CESIUM RADIATION CS-137","RADIATION CÉSIUM CS-137","P","2016-ON0249-0088",""
"ON02IS5416","2016-08-07 16:30","S.CORE","-0.12","-0.13","","0.0517","0.0017","0.0017","6542","BQ/G","LEAD RADIATION TOTAL PB-210","RADIATION PLOMB TOTAL PB-210","P","2016-ON0249-0089",""
"ON02IS5416","2016-08-07 16:30","S.CORE","-0.12","-0.13","","0.0382","0.0017","0.0017","6543","BQ/G","RADIUM RADIATION TOTAL RA-226","RADIATION RADIUM TOTAL RA-226","P","2016-ON0249-0089",""
"ON02IS5416","2016-08-07 16:30","S.CORE","-0.13","-0.14","","0.0396","0.0017","0.0017","6542","BQ/G","LEAD RADIATION TOTAL PB-210","RADIATION PLOMB TOTAL PB-210","P","2016-ON0249-0090",""
"ON02IS5416","2016-08-07 16:30","S.CORE","-0.13","-0.14","","0.0419","0.0017","0.0017","6543","BQ/G","RADIUM RADIATION TOTAL RA-226","RADIATION RADIUM TOTAL RA-226","P","2016-ON0249-0090",""
"ON02IS5416","2016-08-07 16:30","S.CORE","-0.13","-0.14","T","0.0006","0.0017","0.0017","6541","BQ/G","CESIUM RADIATION CS-137","RADIATION CÉSIUM CS-137","P","2016-ON0249-0090",""
"ON02IS5416","2016-08-07 16:30","S.CORE","-0.14","-0.15","","0.0438","0.0017","0.0017","6542","BQ/G","LEAD RADIATION TOTAL PB-210","RADIATION PLOMB TOTAL PB-210","P","2016-ON0249-0091",""
"ON02IS5416","2016-08-07 16:30","S.CORE","-0.14","-0.15","","0.044","0.0017","0.0017","6543","BQ/G","RADIUM RADIATION TOTAL RA-226","RADIATION RADIUM TOTAL RA-226","P","2016-ON0249-0091",""
"ON02IS5416","2016-08-07 16:30","S.CORE","-0.02","-0.03","","0.7585","0.0017","0.0017","6542","BQ/G","LEAD RADIATION TOTAL PB-210","RADIATION PLOMB TOTAL PB-210","P","2016-ON0249-0092",""
"ON02IS5416","2016-08-07 16:30","S.CORE","-0.02","-0.03","","0.0334","0.0017","0.0017","6543","BQ/G","RADIUM RADIATION TOTAL RA-226","RADIATION RADIUM TOTAL RA-226","P","2016-ON0249-0092",""
"ON02IS5416","2016-08-07 16:30","S.CORE","-0.02","-0.03","","0.4461","0.0017","0.0017","6541","BQ/G","CESIUM RADIATION CS-137","RADIATION CÉSIUM CS-137","P","2016-ON0249-0092",""
"ON02IS5416","2016-08-07 16:30","S.CORE","-0.03","-0.04","","0.5204","0.0017","0.0017","6542","BQ/G","LEAD RADIATION TOTAL PB-210","RADIATION PLOMB TOTAL PB-210","P","2016-ON0249-0093",""
"ON02IS5416","2016-08-07 16:30","S.CORE","-0.03","-0.04","","0.0305","0.0017","0.0017","6543","BQ/G","RADIUM RADIATION TOTAL RA-226","RADIATION RADIUM TOTAL RA-226","P","2016-ON0249-0093",""
"ON02IS5416","2016-08-07 16:30","S.CORE","-0.03","-0.04","","0.3365","0.0017","0.0017","6541","BQ/G","CESIUM RADIATION CS-137","RADIATION CÉSIUM CS-137","P","2016-ON0249-0093",""
"ON02IS5416","2016-08-07 16:30","S.CORE","-0.04","-0.05","","0.3864","0.0017","0.0017","6542","BQ/G","LEAD RADIATION TOTAL PB-210","RADIATION PLOMB TOTAL PB-210","P","2016-ON0249-0094",""
"ON02IS5416","2016-08-07 16:30","S.CORE","-0.04","-0.05","","0.0286","0.0017","0.0017","6543","BQ/G","RADIUM RADIATION TOTAL RA-226","RADIATION RADIUM TOTAL RA-226","P","2016-ON0249-0094",""
"ON02IS5416","2016-08-07 16:30","S.CORE","-0.04","-0.05","","0.2165","0.0017","0.0017","6541","BQ/G","CESIUM RADIATION CS-137","RADIATION CÉSIUM CS-137","P","2016-ON0249-0094",""
"ON02IS5416","2016-08-07 16:30","S.CORE","-0.05","-0.06","","0.1986","0.0017","0.0017","6542","BQ/G","LEAD RADIATION TOTAL PB-210","RADIATION PLOMB TOTAL PB-210","P","2016-ON0249-0095",""
"ON02IS5416","2016-08-07 16:30","S.CORE","-0.05","-0.06","","0.0251","0.0017","0.0017","6543","BQ/G","RADIUM RADIATION TOTAL RA-226","RADIATION RADIUM TOTAL RA-226","P","2016-ON0249-0095",""
"ON02IS5416","2016-08-07 16:30","S.CORE","-0.05","-0.06","","0.0903","0.0017","0.0017","6541","BQ/G","CESIUM RADIATION CS-137","RADIATION CÉSIUM CS-137","P","2016-ON0249-0095",""
"ON02IS5416","2016-08-07 16:30","S.CORE","-0.06","-0.07","","0.0766","0.0017","0.0017","6542","BQ/G","LEAD RADIATION TOTAL PB-210","RADIATION PLOMB TOTAL PB-210","P","2016-ON0249-0096",""
"ON02IS5416","2016-08-07 16:30","S.CORE","-0.06","-0.07","","0.0272","0.0017","0.0017","6543","BQ/G","RADIUM RADIATION TOTAL RA-226","RADIATION RADIUM TOTAL RA-226","P","2016-ON0249-0096",""
"ON02IS5416","2016-08-07 16:30","S.CORE","-0.06","-0.07","","0.0044","0.0017","0.0017","6541","BQ/G","CESIUM RADIATION CS-137","RADIATION CÉSIUM CS-137","P","2016-ON0249-0096",""
"ON02IS5416","2016-08-07 16:30","S.CORE","-0.07","-0.08","","0.0541","0.0017","0.0017","6542","BQ/G","LEAD RADIATION TOTAL PB-210","RADIATION PLOMB TOTAL PB-210","P","2016-ON0249-0097",""
"ON02IS5416","2016-08-07 16:30","S.CORE","-0.07","-0.08","","0.0266","0.0017","0.0017","6543","BQ/G","RADIUM RADIATION TOTAL RA-226","RADIATION RADIUM TOTAL RA-226","P","2016-ON0249-0097",""
"ON02IS5416","2016-08-07 16:30","S.CORE","-0.07","-0.08","","0.0026","0.0017","0.0017","6541","BQ/G","CESIUM RADIATION CS-137","RADIATION CÉSIUM CS-137","P","2016-ON0249-0097",""
"ON02IS5416","2016-08-07 16:30","S.CORE","-0.08","-0.09","","0.0408","0.0017","0.0017","6542","BQ/G","LEAD RADIATION TOTAL PB-210","RADIATION PLOMB TOTAL PB-210","P","2016-ON0249-0098",""
"ON02IS5416","2016-08-07 16:30","S.CORE","-0.08","-0.09","","0.0259","0.0017","0.0017","6543","BQ/G","RADIUM RADIATION TOTAL RA-226","RADIATION RADIUM TOTAL RA-226","P","2016-ON0249-0098",""
"ON02IS5416","2016-08-07 16:30","S.CORE","-0.08","-0.09","","0.0018","0.0017","0.0017","6541","BQ/G","CESIUM RADIATION CS-137","RADIATION CÉSIUM CS-137","P","2016-ON0249-0098",""
"ON02IS5416","2016-08-07 16:30","S.CORE","-0.09","-0.1","","0.0285","0.0017","0.0017","6542","BQ/G","LEAD RADIATION TOTAL PB-210","RADIATION PLOMB TOTAL PB-210","P","2016-ON0249-0099",""
"ON02IS5416","2016-08-07 16:30","S.CORE","-0.09","-0.1","","0.0337","0.0017","0.0017","6543","BQ/G","RADIUM RADIATION TOTAL RA-226","RADIATION RADIUM TOTAL RA-226","P","2016-ON0249-0099",""
"ON02IS5416","2016-08-07 16:30","S.CORE","-0.09","-0.1","","0.002","0.0017","0.0017","6541","BQ/G","CESIUM RADIATION CS-137","RADIATION CÉSIUM CS-137","P","2016-ON0249-0099",""
"ON02IE1571","2014-07-23 00:00","S.CORE","-0.01","-0.02","","0.049","0.0017","0.0017","6543","BQ/G","RADIUM RADIATION TOTAL RA-226","RADIATION RADIUM TOTAL RA-226","P","2014-ON0249-0106",""
"ON02IE1571","2014-07-23 00:00","S.CORE","-0.02","-0.03","","0.198","0.0017","0.0017","6542","BQ/G","LEAD RADIATION TOTAL PB-210","RADIATION PLOMB TOTAL PB-210","P","2014-ON0249-0107",""
"ON02IE1571","2014-07-23 00:00","S.CORE","-0.03","-0.04","","0.019","0.0017","0.0017","6541","BQ/G","CESIUM RADIATION CS-137","RADIATION CÉSIUM CS-137","P","2014-ON0249-0108",""
"ON02IE1571","2014-07-23 00:00","S.CORE","-0.04","-0.05","","0.045","0.0017","0.0017","6543","BQ/G","RADIUM RADIATION TOTAL RA-226","RADIATION RADIUM TOTAL RA-226","P","2014-ON0249-0109",""
"ON02IE1571","2014-07-23 00:00","S.CORE","-0.06","-0.07","","0.017","0.0017","0.0017","6541","BQ/G","CESIUM RADIATION CS-137","RADIATION CÉSIUM CS-137","P","2014-ON0249-0111",""
"ON02IE1571","2014-07-23 00:00","S.CORE","-0.07","-0.08","","0.043","0.0017","0.0017","6543","BQ/G","RADIUM RADIATION TOTAL RA-226","RADIATION RADIUM TOTAL RA-226","P","2014-ON0249-0112",""
"ON02IE1571","2014-07-23 00:00","S.CORE","-0.09","-0.1","","0.023","0.0017","0.0017","6541","BQ/G","CESIUM RADIATION CS-137","RADIATION CÉSIUM CS-137","P","2014-ON0249-0114",""
"ON02IE1571","2014-07-23 00:00","S.CORE","-0.1","-0.11","","0.05","0.0017","0.0017","6543","BQ/G","RADIUM RADIATION TOTAL RA-226","RADIATION RADIUM TOTAL RA-226","P","2014-ON0249-0115",""
"ON02IE1571","2014-07-23 00:00","S.CORE","-0.12","-0.13","","0.123","0.0017","0.0017","6542","BQ/G","LEAD RADIATION TOTAL PB-210","RADIATION PLOMB TOTAL PB-210","P","2014-ON0249-0117",""
"ON02IE1571","2014-07-23 00:00","S.CORE","-0.12","-0.13","","0.014","0.0017","0.0017","6541","BQ/G","CESIUM RADIATION CS-137","RADIATION CÉSIUM CS-137","P","2014-ON0249-0117",""
"ON02IE1571","2014-07-23 00:00","S.CORE","-0.15","-0.16","","0.124","0.0017","0.0017","6542","BQ/G","LEAD RADIATION TOTAL PB-210","RADIATION PLOMB TOTAL PB-210","P","2014-ON0249-0120",""
"ON02IE1571","2014-07-23 00:00","S.CORE","-0.15","-0.16","","0.022","0.0017","0.0017","6541","BQ/G","CESIUM RADIATION CS-137","RADIATION CÉSIUM CS-137","P","2014-ON0249-0120",""
"ON02IE1571","2014-07-23 00:00","S.CORE","-0.18","-0.19","","0.121","0.0017","0.0017","6542","BQ/G","LEAD RADIATION TOTAL PB-210","RADIATION PLOMB TOTAL PB-210","P","2014-ON0249-0162",""
"ON02IE1571","2014-07-23 00:00","S.CORE","-0.18","-0.19","","0.022","0.0017","0.0017","6541","BQ/G","CESIUM RADIATION CS-137","RADIATION CÉSIUM CS-137","P","2014-ON0249-0162",""
"ON02IE1571","2014-07-23 00:00","S.CORE","-0.2","-0.21","","0.044","0.0017","0.0017","6543","BQ/G","RADIUM RADIATION TOTAL RA-226","RADIATION RADIUM TOTAL RA-226","P","2014-ON0249-0164",""
"ON02IE1571","2014-07-23 00:00","S.CORE","-0.21","-0.22","","0.145","0.0017","0.0017","6542","BQ/G","LEAD RADIATION TOTAL PB-210","RADIATION PLOMB TOTAL PB-210","P","2014-ON0249-0165",""
"ON02IE1571","2014-07-23 00:00","S.CORE","-0.01","-0.02","","0.195","0.0017","0.0017","6542","BQ/G","LEAD RADIATION TOTAL PB-210","RADIATION PLOMB TOTAL PB-210","P","2014-ON0249-0106",""
"ON02IE1571","2014-07-23 00:00","S.CORE","-0.01","-0.02","","0.015","0.0017","0.0017","6541","BQ/G","CESIUM RADIATION CS-137","RADIATION CÉSIUM CS-137","P","2014-ON0249-0106",""
"ON02IE1571","2014-07-23 00:00","S.CORE","-0.04","-0.05","","0.219","0.0017","0.0017","6542","BQ/G","LEAD RADIATION TOTAL PB-210","RADIATION PLOMB TOTAL PB-210","P","2014-ON0249-0109",""
"ON02IE1571","2014-07-23 00:00","S.CORE","-0.04","-0.05","","0.022","0.0017","0.0017","6541","BQ/G","CESIUM RADIATION CS-137","RADIATION CÉSIUM CS-137","P","2014-ON0249-0109",""
"ON02IE1571","2014-07-23 00:00","S.CORE","-0.06","-0.07","","0.049","0.0017","0.0017","6543","BQ/G","RADIUM RADIATION TOTAL RA-226","RADIATION RADIUM TOTAL RA-226","P","2014-ON0249-0111",""
"ON02IE1571","2014-07-23 00:00","S.CORE","-0.07","-0.08","","0.171","0.0017","0.0017","6542","BQ/G","LEAD RADIATION TOTAL PB-210","RADIATION PLOMB TOTAL PB-210","P","2014-ON0249-0112",""
"ON02IE1571","2014-07-23 00:00","S.CORE","-0.07","-0.08","","0.02","0.0017","0.0017","6541","BQ/G","CESIUM RADIATION CS-137","RADIATION CÉSIUM CS-137","P","2014-ON0249-0112",""
"ON02IE1571","2014-07-23 00:00","S.CORE","-0.09","-0.1","","0.054","0.0017","0.0017","6543","BQ/G","RADIUM RADIATION TOTAL RA-226","RADIATION RADIUM TOTAL RA-226","P","2014-ON0249-0114",""
"ON02IE1571","2014-07-23 00:00","S.CORE","-0.1","-0.11","","0.154","0.0017","0.0017","6542","BQ/G","LEAD RADIATION TOTAL PB-210","RADIATION PLOMB TOTAL PB-210","P","2014-ON0249-0115",""
"ON02IE1571","2014-07-23 00:00","S.CORE","-0.12","-0.13","","0.044","0.0017","0.0017","6543","BQ/G","RADIUM RADIATION TOTAL RA-226","RADIATION RADIUM TOTAL RA-226","P","2014-ON0249-0117",""
"ON02IE1571","2014-07-23 00:00","S.CORE","-0.13","-0.14","","0.119","0.0017","0.0017","6542","BQ/G","LEAD RADIATION TOTAL PB-210","RADIATION PLOMB TOTAL PB-210","P","2014-ON0249-0118",""
"ON02IE1571","2014-07-23 00:00","S.CORE","-0.14","-0.15","","0.018","0.0017","0.0017","6541","BQ/G","CESIUM RADIATION CS-137","RADIATION CÉSIUM CS-137","P","2014-ON0249-0119",""
"ON02IE1571","2014-07-23 00:00","S.CORE","-0.15","-0.16","","0.042","0.0017","0.0017","6543","BQ/G","RADIUM RADIATION TOTAL RA-226","RADIATION RADIUM TOTAL RA-226","P","2014-ON0249-0120",""
"ON02IE1571","2014-07-23 00:00","S.CORE","-0.16","-0.17","","0.121","0.0017","0.0017","6542","BQ/G","LEAD RADIATION TOTAL PB-210","RADIATION PLOMB TOTAL PB-210","P","2014-ON0249-0160",""
"ON02IE1571","2014-07-23 00:00","S.CORE","-0.17","-0.18","","0.019","0.0017","0.0017","6541","BQ/G","CESIUM RADIATION CS-137","RADIATION CÉSIUM CS-137","P","2014-ON0249-0161",""
"ON02IE1571","2014-07-23 00:00","S.CORE","-0.18","-0.19","","0.049","0.0017","0.0017","6543","BQ/G","RADIUM RADIATION TOTAL RA-226","RADIATION RADIUM TOTAL RA-226","P","2014-ON0249-0162",""
"ON02IE1571","2014-07-23 00:00","S.CORE","-0.2","-0.21","","0.025","0.0017","0.0017","6541","BQ/G","CESIUM RADIATION CS-137","RADIATION CÉSIUM CS-137","P","2014-ON0249-0164",""
"ON02IE1571","2014-07-23 00:00","S.CORE","-0.21","-0.22","","0.051","0.0017","0.0017","6543","BQ/G","RADIUM RADIATION TOTAL RA-226","RADIATION RADIUM TOTAL RA-226","P","2014-ON0249-0165",""
"ON02IE1571","2014-07-23 00:00","S.CORE","-0.02","-0.03","","0.047","0.0017","0.0017","6543","BQ/G","RADIUM RADIATION TOTAL RA-226","RADIATION RADIUM TOTAL RA-226","P","2014-ON0249-0107",""
"ON02IE1571","2014-07-23 00:00","S.CORE","-0.02","-0.03","","0.018","0.0017","0.0017","6541","BQ/G","CESIUM RADIATION CS-137","RADIATION CÉSIUM CS-137","P","2014-ON0249-0107",""
"ON02IE1571","2014-07-23 00:00","S.CORE","-0.03","-0.04","","0.215","0.0017","0.0017","6542","BQ/G","LEAD RADIATION TOTAL PB-210","RADIATION PLOMB TOTAL PB-210","P","2014-ON0249-0108",""
"ON02IE1571","2014-07-23 00:00","S.CORE","-0.03","-0.04","","0.051","0.0017","0.0017","6543","BQ/G","RADIUM RADIATION TOTAL RA-226","RADIATION RADIUM TOTAL RA-226","P","2014-ON0249-0108",""
"ON02IE1571","2014-07-23 00:00","S.CORE","-0.08","-0.09","","0.179","0.0017","0.0017","6542","BQ/G","LEAD RADIATION TOTAL PB-210","RADIATION PLOMB TOTAL PB-210","P","2014-ON0249-0113",""
"ON02IE1571","2014-07-23 00:00","S.CORE","-0.08","-0.09","","0.043","0.0017","0.0017","6543","BQ/G","RADIUM RADIATION TOTAL RA-226","RADIATION RADIUM TOTAL RA-226","P","2014-ON0249-0113",""
"ON02IE1571","2014-07-23 00:00","S.CORE","-0.08","-0.09","","0.023","0.0017","0.0017","6541","BQ/G","CESIUM RADIATION CS-137","RADIATION CÉSIUM CS-137","P","2014-ON0249-0113",""
"ON02IE1571","2014-07-23 00:00","S.CORE","-0.09","-0.1","","0.166","0.0017","0.0017","6542","BQ/G","LEAD RADIATION TOTAL PB-210","RADIATION PLOMB TOTAL PB-210","P","2014-ON0249-0114",""
"ON02IE1571","2014-07-23 00:00","S.CORE","-0.13","-0.14","","0.046","0.0017","0.0017","6543","BQ/G","RADIUM RADIATION TOTAL RA-226","RADIATION RADIUM TOTAL RA-226","P","2014-ON0249-0118",""
"ON02IE1571","2014-07-23 00:00","S.CORE","-0.13","-0.14","","0.02","0.0017","0.0017","6541","BQ/G","CESIUM RADIATION CS-137","RADIATION CÉSIUM CS-137","P","2014-ON0249-0118",""
"ON02IE1571","2014-07-23 00:00","S.CORE","-0.14","-0.15","","0.132","0.0017","0.0017","6542","BQ/G","LEAD RADIATION TOTAL PB-210","RADIATION PLOMB TOTAL PB-210","P","2014-ON0249-0119",""
"ON02IE1571","2014-07-23 00:00","S.CORE","-0.14","-0.15","","0.038","0.0017","0.0017","6543","BQ/G","RADIUM RADIATION TOTAL RA-226","RADIATION RADIUM TOTAL RA-226","P","2014-ON0249-0119",""
"ON02IE1571","2014-07-23 00:00","S.CORE","-0.19","-0.2","","0.133","0.0017","0.0017","6542","BQ/G","LEAD RADIATION TOTAL PB-210","RADIATION PLOMB TOTAL PB-210","P","2014-ON0249-0163",""
"ON02IE1571","2014-07-23 00:00","S.CORE","-0.19","-0.2","","0.041","0.0017","0.0017","6543","BQ/G","RADIUM RADIATION TOTAL RA-226","RADIATION RADIUM TOTAL RA-226","P","2014-ON0249-0163",""
"ON02IE1571","2014-07-23 00:00","S.CORE","-0.19","-0.2","","0.021","0.0017","0.0017","6541","BQ/G","CESIUM RADIATION CS-137","RADIATION CÉSIUM CS-137","P","2014-ON0249-0163",""
"ON02IE1571","2014-07-23 00:00","S.CORE","-0.2","-0.21","","0.112","0.0017","0.0017","6542","BQ/G","LEAD RADIATION TOTAL PB-210","RADIATION PLOMB TOTAL PB-210","P","2014-ON0249-0164",""
"ON02IE1571","2014-07-23 00:00","S.CORE","0","-0.01","","0.249","0.0017","0.0017","6542","BQ/G","LEAD RADIATION TOTAL PB-210","RADIATION PLOMB TOTAL PB-210","P","2014-ON0249-0105",""
"ON02IE1571","2014-07-23 00:00","S.CORE","0","-0.01","","0.051","0.0017","0.0017","6543","BQ/G","RADIUM RADIATION TOTAL RA-226","RADIATION RADIUM TOTAL RA-226","P","2014-ON0249-0105",""
"ON02IE1571","2014-07-23 00:00","S.CORE","0","-0.01","","0.016","0.0017","0.0017","6541","BQ/G","CESIUM RADIATION CS-137","RADIATION CÉSIUM CS-137","P","2014-ON0249-0105",""
"ON02IE1571","2014-07-23 00:00","S.CORE","-0.05","-0.06","","0.184","0.0017","0.0017","6542","BQ/G","LEAD RADIATION TOTAL PB-210","RADIATION PLOMB TOTAL PB-210","P","2014-ON0249-0110",""
"ON02IE1571","2014-07-23 00:00","S.CORE","-0.05","-0.06","","0.054","0.0017","0.0017","6543","BQ/G","RADIUM RADIATION TOTAL RA-226","RADIATION RADIUM TOTAL RA-226","P","2014-ON0249-0110",""
"ON02IE1571","2014-07-23 00:00","S.CORE","-0.05","-0.06","","0.017","0.0017","0.0017","6541","BQ/G","CESIUM RADIATION CS-137","RADIATION CÉSIUM CS-137","P","2014-ON0249-0110",""
"ON02IE1571","2014-07-23 00:00","S.CORE","-0.06","-0.07","","0.182","0.0017","0.0017","6542","BQ/G","LEAD RADIATION TOTAL PB-210","RADIATION PLOMB TOTAL PB-210","P","2014-ON0249-0111",""
"ON02IE1571","2014-07-23 00:00","S.CORE","-0.1","-0.11","","0.021","0.0017","0.0017","6541","BQ/G","CESIUM RADIATION CS-137","RADIATION CÉSIUM CS-137","P","2014-ON0249-0115",""
"ON02IE1571","2014-07-23 00:00","S.CORE","-0.11","-0.12","","0.13","0.0017","0.0017","6542","BQ/G","LEAD RADIATION TOTAL PB-210","RADIATION PLOMB TOTAL PB-210","P","2014-ON0249-0116",""
"ON02IE1571","2014-07-23 00:00","S.CORE","-0.11","-0.12","","0.045","0.0017","0.0017","6543","BQ/G","RADIUM RADIATION TOTAL RA-226","RADIATION RADIUM TOTAL RA-226","P","2014-ON0249-0116",""
"ON02IE1571","2014-07-23 00:00","S.CORE","-0.11","-0.12","","0.022","0.0017","0.0017","6541","BQ/G","CESIUM RADIATION CS-137","RADIATION CÉSIUM CS-137","P","2014-ON0249-0116",""
"ON02IE1571","2014-07-23 00:00","S.CORE","-0.16","-0.17","","0.041","0.0017","0.0017","6543","BQ/G","RADIUM RADIATION TOTAL RA-226","RADIATION RADIUM TOTAL RA-226","P","2014-ON0249-0160",""
"ON02IE1571","2014-07-23 00:00","S.CORE","-0.16","-0.17","","0.02","0.0017","0.0017","6541","BQ/G","CESIUM RADIATION CS-137","RADIATION CÉSIUM CS-137","P","2014-ON0249-0160",""
"ON02IE1571","2014-07-23 00:00","S.CORE","-0.17","-0.18","","0.12","0.0017","0.0017","6542","BQ/G","LEAD RADIATION TOTAL PB-210","RADIATION PLOMB TOTAL PB-210","P","2014-ON0249-0161",""
"ON02IE1571","2014-07-23 00:00","S.CORE","-0.17","-0.18","","0.043","0.0017","0.0017","6543","BQ/G","RADIUM RADIATION TOTAL RA-226","RADIATION RADIUM TOTAL RA-226","P","2014-ON0249-0161",""
"ON02IE1571","2014-07-23 00:00","S.CORE","-0.21","-0.22","","0.028","0.0017","0.0017","6541","BQ/G","CESIUM RADIATION CS-137","RADIATION CÉSIUM CS-137","P","2014-ON0249-0165",""
"ON02IE1571","2014-07-23 00:00","S.CORE","-0.22","-0.23","","0.131","0.0017","0.0017","6542","BQ/G","LEAD RADIATION TOTAL PB-210","RADIATION PLOMB TOTAL PB-210","P","2014-ON0249-0166",""
"ON02IE1571","2014-07-23 00:00","S.CORE","-0.22","-0.23","","0.052","0.0017","0.0017","6543","BQ/G","RADIUM RADIATION TOTAL RA-226","RADIATION RADIUM TOTAL RA-226","P","2014-ON0249-0166",""
"ON02IE1571","2014-07-23 00:00","S.CORE","-0.22","-0.23","","0.03","0.0017","0.0017","6541","BQ/G","CESIUM RADIATION CS-137","RADIATION CÉSIUM CS-137","P","2014-ON0249-0166",""
